id,company_name,website_url,website_type,blacklisted
1,Point72,https://boards.greenhouse.io/point72,Greenhouse,False
3,Philo,https://boards.greenhouse.io/philo,Greenhouse,False
6,Airtable,https://boards.greenhouse.io/airtable,Greenhouse,False
7,Altera Digital Health Inc. United States,https://boards.greenhouse.io/alteradigitalhealth,Greenhouse,False
8,Alto Pharmacy,https://boards.greenhouse.io/alto,Greenhouse,False
9,ApolloIO,https://boards.greenhouse.io/apolloio,Greenhouse,False
10,AppLovin,https://boards.greenhouse.io/applovin,Greenhouse,False
11,Aquatic Capital,https://boards.greenhouse.io/aquaticcapitalmanagement,Greenhouse,False
12,Arcadia,https://boards.greenhouse.io/arcadiacareers,Greenhouse,False
13,Ascend Analytics,https://boards.greenhouse.io/ascendanalytics,Greenhouse,False
14,Atome Financial,https://boards.greenhouse.io/atome,Greenhouse,False
15,Axios,https://boards.greenhouse.io/axios,Greenhouse,False
16,BlastPoint,https://boards.greenhouse.io/blastpoint,Greenhouse,False
17,Blink Health,https://boards.greenhouse.io/blinkhealth,Greenhouse,False
18,Blue Rose Research,https://boards.greenhouse.io/blueroseresearch,Greenhouse,False
19,Blueground,https://boards.greenhouse.io/blueground,Greenhouse,False
20,Bottomline Technologies,https://boards.greenhouse.io/bottomlinetechnologies,Greenhouse,False
21,BrainStation,https://boards.greenhouse.io/brainstation,Greenhouse,False
22,Buyers Edge,https://boards.greenhouse.io/buyersedgeplatformrecruiting,Greenhouse,False
23,Canonical,https://boards.greenhouse.io/canonical,Greenhouse,False
24,Canonical,https://boards.greenhouse.io/canonicaljobs,Greenhouse,False
25,Capco,https://boards.greenhouse.io/capco,Greenhouse,False
26,CaseText,https://boards.greenhouse.io/casetext,Greenhouse,False
27,Chalk,https://boards.greenhouse.io/chalkinc,Greenhouse,False
28,Cityblock Health,https://boards.greenhouse.io/cityblockhealth,Greenhouse,False
29,Clearmatics,https://boards.greenhouse.io/clearmatics,Greenhouse,False
30,ClickUp,https://boards.greenhouse.io/clickup,Greenhouse,False
31,Cloudflare,https://boards.greenhouse.io/cloudflare,Greenhouse,False
32,CloudSEK,https://boards.greenhouse.io/cloudsek,Greenhouse,False
34,ComparaJá,https://boards.greenhouse.io/comparaja,Greenhouse,False
35,Contentive,https://boards.greenhouse.io/contentive,Greenhouse,False
36,Crystal Blockchain,https://boards.greenhouse.io/crystal,Greenhouse,False
37,Darktrace,https://boards.greenhouse.io/darktracelimited,Greenhouse,False
38,DataCamp,https://boards.greenhouse.io/datacamp,Greenhouse,False
39,Davidson Kempner,https://boards.greenhouse.io/0f997656565575588669707vhvbhvcg7799988866858785cf0ab2d4976364934a33bdee24ad3badded8aac79eace643fa5c205d150001,Greenhouse,False
41,Designit,https://boards.greenhouse.io/designitnorthamerica,Greenhouse,False
42,Diligent Corporation,https://boards.greenhouse.io/diligentcorporation,Greenhouse,False
43,Doctolib,https://boards.greenhouse.io/doctolib,Greenhouse,False
44,eFishery,https://boards.greenhouse.io/efishery,Greenhouse,False
46,Findanomaly,https://boards.greenhouse.io/findanomaly,Greenhouse,False
47,Fivesky,https://boards.greenhouse.io/fivesky,Greenhouse,False
48,Flo Health,https://boards.greenhouse.io/flohealth,Greenhouse,False
49,Flowcode,https://boards.greenhouse.io/flowcode,Greenhouse,False
50,Foodpanda Singapore,https://boards.greenhouse.io/foodpandasingapore,Greenhouse,False
51,Fortune,https://boards.greenhouse.io/fortune,Greenhouse,False
52,Freenow,https://boards.greenhouse.io/freenow,Greenhouse,False
53,Further,https://boards.greenhouse.io/searchdiscovery,Greenhouse,False
54,Garda Capital,https://boards.greenhouse.io/gardacp,Greenhouse,False
55,Glassdoor,https://boards.greenhouse.io/glassdoor,Greenhouse,False
56,Global,https://boards.greenhouse.io/gainternstreetwise,Greenhouse,False
57,GoFundMe,https://boards.greenhouse.io/gofundme,Greenhouse,False
58,Graphcore,https://boards.greenhouse.io/graphcore,Greenhouse,False
59,Grindr,https://boards.greenhouse.io/grindr,Greenhouse,False
60,Grover,https://boards.greenhouse.io/grover,Greenhouse,False
61,Grow Therapy,https://boards.greenhouse.io/growtherapy,Greenhouse,False
62,Guidepoint Security,https://boards.greenhouse.io/guidepointsecurity,Greenhouse,False
63,Harris Associates,https://boards.greenhouse.io/harrisassociates,Greenhouse,False
64,Imprint,https://boards.greenhouse.io/imprint,Greenhouse,False
65,Innovior,https://boards.greenhouse.io/innovior,Greenhouse,False
66,Interactive Brokers External,https://boards.greenhouse.io/ibkrexternal,Greenhouse,False
67,Interactive Brokers,https://boards.greenhouse.io/ibkr,Greenhouse,False
68,Launchpad Technologies,https://boards.greenhouse.io/launchpadtechnologiesinc,Greenhouse,False
69,Lirio,https://boards.greenhouse.io/lirio,Greenhouse,False
70,Memora Health,https://boards.greenhouse.io/memorahealth,Greenhouse,False
71,Messari,https://boards.greenhouse.io/messari,Greenhouse,False
72,MongoDB,https://boards.greenhouse.io/embed,Greenhouse,False
73,Monzo,https://boards.greenhouse.io/monzo,Greenhouse,False
76,Nomiso,https://boards.greenhouse.io/nomiso,Greenhouse,False
77,Notion,https://boards.greenhouse.io/notion,Greenhouse,False
78,Nubank,https://boards.greenhouse.io/nubank,Greenhouse,False
5,Affirm,https://boards.greenhouse.io/affirm,Greenhouse,False
40,Deliveroo,https://boards.greenhouse.io/deliveroo,Greenhouse,False
45,Figma,https://boards.greenhouse.io/figma,Greenhouse,False
75,Myntra,https://boards.greenhouse.io/myntra,Greenhouse,False
2,Twitch,https://boards.greenhouse.io/twitch,Greenhouse,False
33,CommerceIQ,https://boards.greenhouse.io/commerceiq,Greenhouse,False
79,OANDA,https://boards.greenhouse.io/oanda,Greenhouse,False
80,OKX,https://boards.greenhouse.io/okx,Greenhouse,False
81,Omnipresent,https://boards.greenhouse.io/omnipresent,Greenhouse,False
83,OpenTable,https://boards.greenhouse.io/opentable,Greenhouse,False
84,OpenTeams,https://boards.greenhouse.io/openteams,Greenhouse,False
85,Palta,https://boards.greenhouse.io/paltaltd,Greenhouse,False
86,Phaidra,https://boards.greenhouse.io/phaidra,Greenhouse,False
87,Pine Gate Renewables,https://boards.greenhouse.io/pinegaterenewables,Greenhouse,False
88,ProCogia,https://boards.greenhouse.io/procogia,Greenhouse,False
89,Recurrency,https://boards.greenhouse.io/recurrency,Greenhouse,False
91,Remotasks,https://boards.greenhouse.io/remotasks,Greenhouse,False
92,Remote,https://boards.greenhouse.io/remotecom,Greenhouse,False
93,Reorg,https://boards.greenhouse.io/reorg,Greenhouse,False
94,Revel Systems,https://boards.greenhouse.io/revelsystems,Greenhouse,False
95,Rhythm Energy,https://boards.greenhouse.io/rhythmenergy,Greenhouse,False
96,Robinhood,https://boards.greenhouse.io/robinhood,Greenhouse,False
97,RunwayML,https://boards.greenhouse.io/runwayml,Greenhouse,False
99,Schonfeld,https://boards.greenhouse.io/schonfeld,Greenhouse,False
100,Scuba,https://boards.greenhouse.io/scuba,Greenhouse,False
101,Seamless.AI,https://boards.greenhouse.io/seamlessai,Greenhouse,False
102,Sigma Computing,https://boards.greenhouse.io/sigmacomputing,Greenhouse,False
103,Signifyd,https://boards.greenhouse.io/signifyd95,Greenhouse,False
104,SingleStore,https://boards.greenhouse.io/singlestore,Greenhouse,False
106,SonyInteractiveEntertainmentGlobal,https://boards.greenhouse.io/sonyinteractiveentertainmentglobal,Greenhouse,False
107,Splice,https://boards.greenhouse.io/splice,Greenhouse,False
108,StackCommerce,https://boards.greenhouse.io/stackcommerce,Greenhouse,False
109,Summer,https://boards.greenhouse.io/summer,Greenhouse,False
110,Superblocks,https://boards.greenhouse.io/superblocks,Greenhouse,False
111,Swish Analytics,https://boards.greenhouse.io/swishanalytics,Greenhouse,False
112,Tailscale,https://boards.greenhouse.io/tailscale,Greenhouse,False
113,TCP Software,https://boards.greenhouse.io/tcpsoftware,Greenhouse,False
114,Telnyx,https://boards.greenhouse.io/telnyx54,Greenhouse,False
115,Tempus,https://boards.greenhouse.io/tempus,Greenhouse,False
116,Terray Therapeutics,https://boards.greenhouse.io/terraytherapeutics,Greenhouse,False
117,Tessera Therapeutics,https://boards.greenhouse.io/tesseratherapeutics,Greenhouse,False
118,The Room,https://boards.greenhouse.io/theroom,Greenhouse,False
119,ThreeFlow,https://boards.greenhouse.io/threeflow,Greenhouse,False
120,TurnKey Lender Inc.,https://boards.greenhouse.io/turnkeylenderinc,Greenhouse,False
122,Valera Health,https://boards.greenhouse.io/valerahealth,Greenhouse,False
123,Valor Equity,https://boards.greenhouse.io/valorequitypartners,Greenhouse,False
124,Vatic Investments,https://boards.greenhouse.io/vaticlabs,Greenhouse,False
125,Vee,https://boards.greenhouse.io/veesearch,Greenhouse,False
126,Verantos,https://boards.greenhouse.io/verantos,Greenhouse,False
127,Verra Mobility,https://boards.greenhouse.io/verramobility,Greenhouse,False
128,Wargaming,https://boards.greenhouse.io/wargamingen,Greenhouse,False
129,WeWork,https://boards.greenhouse.io/wework,Greenhouse,False
130,WeWork,https://boards.greenhouse.io/weworklatam,Greenhouse,False
131,Wiley Edge Recruiting Portal,https://boards.greenhouse.io/wileyedgerecruitingportal,Greenhouse,False
133,Wise,https://boards.greenhouse.io/transferwise,Greenhouse,False
134,Workato,https://boards.greenhouse.io/workato,Greenhouse,False
135,Wurl LLC,https://boards.greenhouse.io/wurl,Greenhouse,False
136,Xapo61,https://boards.greenhouse.io/xapo61,Greenhouse,False
137,Xebia,https://boards.greenhouse.io/xgs,Greenhouse,False
138,Xendit,https://boards.greenhouse.io/xendit,Greenhouse,False
139,XO Health Inc.,https://boards.greenhouse.io/xohealthinc,Greenhouse,False
140,YipitData (Alternative),https://boards.greenhouse.io/yipitdatajobs,Greenhouse,False
141,YipitData (Primary),https://boards.greenhouse.io/yipitdata,Greenhouse,False
142,Zelus Analytics,https://boards.greenhouse.io/zelusanalytics,Greenhouse,False
143,Zenoti,https://boards.greenhouse.io/zenoti,Greenhouse,False
144,Zing,https://boards.greenhouse.io/zing,Greenhouse,False
145,Zscaler,https://boards.greenhouse.io/zscaler,Greenhouse,False
105,Skylight,https://boards.greenhouse.io/skylighthq,Greenhouse,True
148,1-800 Contacts,https://boards.greenhouse.io/1800contacts,Greenhouse,False
149,10x Genomics,https://boards.greenhouse.io/10xgenomics,Greenhouse,False
150,2U,https://boards.greenhouse.io/2u,Greenhouse,False
151,84.51°,https://boards.greenhouse.io/8451,Greenhouse,False
152,AbleTo Inc.,https://boards.greenhouse.io/thirdpartyjobboard,Greenhouse,False
153,AbleTo,https://boards.greenhouse.io/ableto,Greenhouse,False
154,Able,https://boards.greenhouse.io/able,Greenhouse,False
155,Access Holdings,https://boards.greenhouse.io/accessholdingsmanagementfirm,Greenhouse,False
156,accesso,https://boards.greenhouse.io/accesso,Greenhouse,False
157,Acorns,https://boards.greenhouse.io/acorns,Greenhouse,False
158,Acrisure Innovation,https://boards.greenhouse.io/acrisureinnovation,Greenhouse,False
98,Scale AI,https://boards.greenhouse.io/scaleai,Greenhouse,False
121,Twilio,https://boards.greenhouse.io/twilio,Greenhouse,False
82,OpenAI,https://boards.greenhouse.io/openai,Greenhouse,False
90,Reddit,https://boards.greenhouse.io/reddit,Greenhouse,False
159,Acrisure Technology Group,https://boards.greenhouse.io/atg,Greenhouse,False
160,ActionIQ,https://boards.greenhouse.io/actioniq,Greenhouse,False
161,Acumen's team,https://boards.greenhouse.io/acumen,Greenhouse,False
162,Ad Hoc Team,https://boards.greenhouse.io/adhocexternal,Greenhouse,False
163,Airbyte,https://boards.greenhouse.io/airbyte,Greenhouse,False
164,Algolia,https://boards.greenhouse.io/algolia,Greenhouse,False
165,Allergan Data Labs,https://boards.greenhouse.io/allergandatalabs,Greenhouse,False
167,Arcellx,https://boards.greenhouse.io/arcellx,Greenhouse,False
168,Articulate,https://boards.greenhouse.io/articulate,Greenhouse,False
169,Artie,https://boards.greenhouse.io/artie,Greenhouse,False
170,ASG,https://boards.greenhouse.io/asg,Greenhouse,False
171,BDA,https://boards.greenhouse.io/bdainc,Greenhouse,False
172,Bit Reactor,https://boards.greenhouse.io/bitreactor,Greenhouse,False
173,Bridgewater Associates,https://boards.greenhouse.io/bwaltpostings,Greenhouse,False
174,Bright Health,https://boards.greenhouse.io/brighthealthgroup,Greenhouse,False
176,Buildout,https://boards.greenhouse.io/buildout,Greenhouse,False
177,Campus Opportunities,https://boards.greenhouse.io/campusopportunities,Greenhouse,False
178,Career TEAM,https://boards.greenhouse.io/careerteam,Greenhouse,False
179,Chapter,https://boards.greenhouse.io/chapter,Greenhouse,False
180,Chewy Fulfillment,https://boards.greenhouse.io/fulfillment,Greenhouse,False
181,Clearway Energy,https://boards.greenhouse.io/clearwayjobs,Greenhouse,False
182,Clerkie,https://boards.greenhouse.io/clerkie,Greenhouse,False
183,Clipboard Health,https://boards.greenhouse.io/clipboardhealth,Greenhouse,False
184,Coalition,https://boards.greenhouse.io/coalition,Greenhouse,False
185,Crunchbase,https://boards.greenhouse.io/crunchbase,Greenhouse,False
186,edmentum,https://boards.greenhouse.io/edmentum,Greenhouse,False
188,Eridan,https://boards.greenhouse.io/eridan,Greenhouse,False
189,Exabeam,https://boards.greenhouse.io/exabeam,Greenhouse,False
191,ezCater Inc,https://boards.greenhouse.io/ezcaterinc,Greenhouse,False
192,Fetch,https://boards.greenhouse.io/fetchrewards,Greenhouse,False
193,Files.com,https://boards.greenhouse.io/filescom,Greenhouse,False
194,First Global Management Services Inc.,https://boards.greenhouse.io/firstglobalmanagementservicesinc,Greenhouse,False
195,Forage,https://boards.greenhouse.io/joinforage,Greenhouse,False
196,Freeform,https://boards.greenhouse.io/freeformfuturecorp,Greenhouse,False
197,GoGuardian,https://boards.greenhouse.io/goguardian,Greenhouse,False
199,Hibu,https://boards.greenhouse.io/hibu,Greenhouse,False
200,hims & hers,https://boards.greenhouse.io/himshers,Greenhouse,False
201,HiTech Division,https://boards.greenhouse.io/nhbbhitech,Greenhouse,False
202,InCharge Energy,https://boards.greenhouse.io/inchargeenergy,Greenhouse,False
203,Inspire11,https://boards.greenhouse.io/inspire11,Greenhouse,False
204,interbrand,https://boards.greenhouse.io/interbrand,Greenhouse,False
205,invisibletech,https://boards.greenhouse.io/invisibletech,Greenhouse,False
206,Iterative Health,https://boards.greenhouse.io/iterativehealth,Greenhouse,False
207,JD Sports,https://boards.greenhouse.io/jdsports,Greenhouse,False
208,KeyMe,https://boards.greenhouse.io/keyme,Greenhouse,False
209,Kimball Equipment Company,https://boards.greenhouse.io/kimballequipmentcompany,Greenhouse,False
210,Kinetic,https://boards.greenhouse.io/kinetic,Greenhouse,False
212,Lexion,https://boards.greenhouse.io/lexion,Greenhouse,False
213,Luminar,https://boards.greenhouse.io/luminar,Greenhouse,False
214,Lydech Thermal Acoustic Solutions (TAS),https://boards.greenhouse.io/lydalltas,Greenhouse,False
215,Lynx Analytics,https://boards.greenhouse.io/lynxanalytics,Greenhouse,False
216,Magic,https://boards.greenhouse.io/magic,Greenhouse,False
217,MERGE,https://boards.greenhouse.io/mergeworld,Greenhouse,False
218,Mural,https://boards.greenhouse.io/mural,Greenhouse,False
219,Nerdery,https://boards.greenhouse.io/nerdery,Greenhouse,False
220,NPR,https://boards.greenhouse.io/nationalpublicradioinc,Greenhouse,False
221,OLIVER,https://boards.greenhouse.io/oliver,Greenhouse,False
222,OnePath Managed Services,https://boards.greenhouse.io/onepath,Greenhouse,False
223,OneTrust,https://boards.greenhouse.io/onetrust,Greenhouse,False
224,Optimal Dynamics,https://boards.greenhouse.io/optimaldynamics,Greenhouse,False
225,Outlier.org,https://boards.greenhouse.io/outlierorg,Greenhouse,False
226,Pathward N.A.,https://boards.greenhouse.io/pathward,Greenhouse,False
227,Pendo,https://boards.greenhouse.io/pendo,Greenhouse,False
228,Pitch,https://boards.greenhouse.io/pitch,Greenhouse,False
229,Plus Power,https://boards.greenhouse.io/pluspower,Greenhouse,False
230,Rhino,https://boards.greenhouse.io/rhino,Greenhouse,False
231,Rocket Lab USA,https://boards.greenhouse.io/rocketlab,Greenhouse,False
232,Rockstar Internships & New Grad Roles,https://boards.greenhouse.io/rockstarinternships,Greenhouse,False
233,RudderStack,https://boards.greenhouse.io/rudderstack,Greenhouse,False
234,Sagard,https://boards.greenhouse.io/sagardcareers,Greenhouse,False
235,Samsung Semiconductor,https://boards.greenhouse.io/samsungsemiconductor,Greenhouse,False
236,Seattle Sounders FC,https://boards.greenhouse.io/seattlesoundersfc,Greenhouse,False
190,ExodusPoint,https://boards.greenhouse.io/exoduspoint,Greenhouse,False
198,Gotion Inc.,https://boards.greenhouse.io/gotion,Greenhouse,False
211,Legion,https://boards.greenhouse.io/legion,Greenhouse,False
175,bswift,https://boards.greenhouse.io/bswift,Greenhouse,False
187,Epic Games,https://boards.greenhouse.io/epicgames,Greenhouse,False
237,Second Spectrum,https://boards.greenhouse.io/secondspectrum,Greenhouse,False
238,SpaceX,https://boards.greenhouse.io/spacex,Greenhouse,False
239,Spur Jobs,https://boards.greenhouse.io/featuredjobs,Greenhouse,False
240,TAE Power Solutions,https://boards.greenhouse.io/taepwm,Greenhouse,False
241,TAIT Towers,https://boards.greenhouse.io/taittowers,Greenhouse,False
242,Taskrabbit,https://boards.greenhouse.io/taskrabbit,Greenhouse,False
243,Three Ships,https://boards.greenhouse.io/threeships,Greenhouse,False
244,Trail of Bits,https://boards.greenhouse.io/trailofbits,Greenhouse,False
245,Triumph Tech,https://boards.greenhouse.io/triumphtech,Greenhouse,False
247,Turtle Rock Studios,https://boards.greenhouse.io/turtlerockstudios,Greenhouse,False
248,Two Six Technologies,https://boards.greenhouse.io/twosixtechnologies,Greenhouse,False
249,Udacity,https://boards.greenhouse.io/udacity,Greenhouse,False
250,Upwork,https://boards.greenhouse.io/upwork,Greenhouse,False
251,Varsity Tutors,https://boards.greenhouse.io/varsitytutors,Greenhouse,False
252,WelbeHealth,https://boards.greenhouse.io/welbehealth,Greenhouse,False
253,Wight & Company,https://boards.greenhouse.io/wight,Greenhouse,False
254,WillowTree,https://boards.greenhouse.io/willowtree,Greenhouse,False
255,WITHIN,https://boards.greenhouse.io/agencywithin,Greenhouse,False
256,Wizards of the Coast,https://boards.greenhouse.io/wizardsofthecoast,Greenhouse,False
260,Accruent,https://boards.greenhouse.io/accruenthq,Greenhouse,False
261,Adyen,https://boards.greenhouse.io/adyen,Greenhouse,False
263,Airbnb,https://boards.greenhouse.io/embed/job_board?for=airbnb,Greenhouse,False
166,Alma,https://boards.greenhouse.io/alma,Greenhouse,False
265,Alo Yoga,https://boards.greenhouse.io/aloyoga,Greenhouse,False
266,Alto Pharmacy,https://www.alto.com/careers,Greenhouse,False
268,Aperia,https://boards.greenhouse.io/aperiasolutions,Greenhouse,False
269,Applied Data Finance,https://careers.smartrecruiters.com/AppliedDataFinance,SmartRecruiters,False
270,Arista Networks,https://careers.smartrecruiters.com/aristanetworks,SmartRecruiters,False
271,Assembly OSM Inc.,https://boards.greenhouse.io/assemblyosminc,Greenhouse,False
272,Believe,https://careers.smartrecruiters.com/Believe,SmartRecruiters,False
257,Abode Communities,https://careers.smartrecruiters.com/AbodeCommunities,SmartRecruiters,False
273,BETSOL,https://careers.smartrecruiters.com/Betsol,SmartRecruiters,False
274,BeVera Solutions,https://careers.smartrecruiters.com/BeVeraSolutions,SmartRecruiters,False
275,Beyond Finance,https://boards.greenhouse.io/beyondfinance,Greenhouse,False
276,BillionToOne,https://boards.greenhouse.io/billiontoone,Greenhouse,False
277,Blend360,https://careers.smartrecruiters.com/Blend360,SmartRecruiters,False
278,Bosch Group,https://careers.smartrecruiters.com/BoschGroup,SmartRecruiters,False
279,Box,https://boards.greenhouse.io/boxinc,Greenhouse,False
280,Brightspeed,https://careers.smartrecruiters.com/Brightspeed,SmartRecruiters,False
282,Careem,https://boards.greenhouse.io/careem,Greenhouse,False
283,Celonis,https://boards.greenhouse.io/celonis,Greenhouse,False
284,CERN,https://careers.smartrecruiters.com/CERN,SmartRecruiters,False
285,Chuze Fitness,https://careers.smartrecruiters.com/ChuzeFitness,SmartRecruiters,False
286,City and County of San Francisco,https://careers.smartrecruiters.com/CityAndCountyOfSanFrancisco1,SmartRecruiters,False
287,CloudOps,https://www.cloudops.com/careers/,Greenhouse,False
289,ConfigureTek,https://careers.smartrecruiters.com/ConfigureTek,SmartRecruiters,False
290,Crafty,https://boards.greenhouse.io/crafty,Greenhouse,False
291,Crocs Inc. Global Jobs,https://boards.greenhouse.io/crocsglobaljobs,Greenhouse,False
292,Cruise,https://getcruise.com/careers/,Greenhouse,True
293,Cruise,https://boards.greenhouse.io/cruiseuniversity,Greenhouse,False
294,Cruise Carreras,https://careers.smartrecruiters.com/cruisecarreras,SmartRecruiters,False
295,DECATHLON,https://careers.smartrecruiters.com/DECATHLON,SmartRecruiters,False
297,DEPT®,https://boards.greenhouse.io/dept,Greenhouse,False
298,Dexterra,https://careers.smartrecruiters.com/Dexterra,SmartRecruiters,False
299,Downing Capital Group,https://boards.greenhouse.io/downingcapitalgroup,Greenhouse,False
300,DRW,https://boards.greenhouse.io/drweng,Greenhouse,False
301,eBay,https://careers.smartrecruiters.com/eBay,SmartRecruiters,False
302,Edera,https://boards.greenhouse.io/edera,Greenhouse,False
304,EMCO Corporation,https://careers.smartrecruiters.com/EMCOCorporation,SmartRecruiters,False
305,Enterpret,https://boards.greenhouse.io/enterpret,Greenhouse,False
308,Experian,https://careers.smartrecruiters.com/Experian,SmartRecruiters,False
309,Faire,https://www.faire.com/careers/openings,Greenhouse,False
310,Fannie Mae,https://careers.smartrecruiters.com/FannieMae,SmartRecruiters,False
311,Fender,https://www.fender.com/pages/careers,Greenhouse,False
313,Forrest Johnson,https://careers.smartrecruiters.com/ForrestJohnson,SmartRecruiters,False
314,Fortune Brands,https://careers.smartrecruiters.com/FortuneBrands,SmartRecruiters,False
315,FREE RANGE GAMES,https://boards.greenhouse.io/frgjobs,Greenhouse,False
316,Freshworks,https://careers.smartrecruiters.com/Freshworks,SmartRecruiters,False
317,Gameloft,https://careers.smartrecruiters.com/Gameloft,SmartRecruiters,False
318,General Catalyst,https://boards.greenhouse.io/generalcatalyst,Greenhouse,False
319,Glean,https://boards.greenhouse.io/gleanwork,Greenhouse,False
259,Accesa & RaRo,https://careers.smartrecruiters.com/ACCESA,SmartRecruiters,False
324,GuidePoint Security,https://www.guidepointsecurity.com/careers/,Greenhouse,False
325,Harbinger Motors,https://boards.greenhouse.io/harbingermotors,Greenhouse,False
326,Hastee,https://careers.smartrecruiters.com/Hastee,SmartRecruiters,False
327,Higharc,https://boards.greenhouse.io/higharc,Greenhouse,False
328,Hitachi Solutions,https://careers.smartrecruiters.com/HitachiSolutions,SmartRecruiters,False
329,Hollywood Park,https://boards.greenhouse.io/hollywoodparksofistadium,Greenhouse,False
330,Homebase,https://boards.greenhouse.io/homebase,Greenhouse,False
331,IAG GBS,https://careers.smartrecruiters.com/IAGGBS1,SmartRecruiters,False
332,Instat Clinical Research,https://careers.smartrecruiters.com/InstatClinicalResearch,SmartRecruiters,False
333,Intecrowd,https://boards.greenhouse.io/intecrowd,Greenhouse,False
334,IPsoft Inc.,https://careers.smartrecruiters.com/IPsoftInc1,SmartRecruiters,False
335,ITW,https://careers.smartrecruiters.com/itw,SmartRecruiters,False
336,ITW,https://careers.smartrecruiters.com/ITW,SmartRecruiters,False
337,Jane Street,https://boards.greenhouse.io/janestreet,Greenhouse,False
338,KAYAK,https://boards.greenhouse.io/kayak,Greenhouse,False
339,KENTECH CONSULTING INC,https://careers.smartrecruiters.com/ekentech,SmartRecruiters,False
340,KOSTAL Group,https://careers.smartrecruiters.com/KOSTALGroup,SmartRecruiters,False
341,KSI Auto Parts,https://careers.smartrecruiters.com/KSIAutoParts,SmartRecruiters,False
342,LanceSoft Inc,https://careers.smartrecruiters.com/LanceSoftInc2,SmartRecruiters,False
343,League Inc.,https://boards.greenhouse.io/leagueinc,Greenhouse,False
345,Lingraphica,https://careers.smartrecruiters.com/Lingraphica,SmartRecruiters,False
346,Literably,https://careers.smartrecruiters.com/Literably,SmartRecruiters,False
347,Lokal,https://careers.smartrecruiters.com/Lokal,SmartRecruiters,False
348,Lower,https://lower-careers.webflow.io/#positions,Greenhouse,False
349,Manufactured,https://boards.greenhouse.io/manufactured,Greenhouse,False
351,Maven Clinic,https://boards.greenhouse.io/mavenclinic,Greenhouse,False
352,McDonald's Corporation,https://careers.smartrecruiters.com/McDonaldsCorporation,SmartRecruiters,False
353,MCPC,https://careers.smartrecruiters.com/MCPc,SmartRecruiters,False
354,Meta,https://careers.smartrecruiters.com/Meta1,SmartRecruiters,False
355,META4,https://careers.smartrecruiters.com/META4,SmartRecruiters,False
356,MetaMap,https://boards.greenhouse.io/metamap,Greenhouse,False
357,Metropolis,https://boards.greenhouse.io/metropolis,Greenhouse,False
358,Modulr,https://www.modulrfinance.com/careers,Greenhouse,False
359,Morguard,https://careers.smartrecruiters.com/Morguard,SmartRecruiters,False
360,Mural Consulting,https://careers.smartrecruiters.com/MuralConsulting,SmartRecruiters,False
362,Mystic Invest Holding S.A,https://careers.smartrecruiters.com/MysticInvestHoldingSA,SmartRecruiters,False
363,Nauticus Robotics,https://careers.smartrecruiters.com/NauticusRobotics,SmartRecruiters,False
364,NBCUniversal,https://careers.smartrecruiters.com/NBCUniversal3,SmartRecruiters,False
365,Netcompany,https://careers.smartrecruiters.com/Netcompany1,SmartRecruiters,False
366,Niantic,https://boards.greenhouse.io/niantic,Greenhouse,False
367,O-I,https://careers.smartrecruiters.com/O-I,SmartRecruiters,False
368,OLIVER+,https://boards.greenhouse.io/oliverplus,Greenhouse,False
370,Opendoor,https://boards.greenhouse.io/opendoor,Greenhouse,False
371,Optiv,https://careers.smartrecruiters.com/Optiv,SmartRecruiters,False
372,Ostro,https://boards.greenhouse.io/ostrohealth,Greenhouse,False
373,Pacaso,https://boards.greenhouse.io/pacaso,Greenhouse,False
374,Palantir,https://careers.smartrecruiters.com/Palantir,SmartRecruiters,False
375,Palo Alto Networks,https://careers.smartrecruiters.com/PaloAltoNetworks2,SmartRecruiters,False
376,PDT Partners,https://boards.greenhouse.io/pdtpartners,Greenhouse,False
377,PMG,https://boards.greenhouse.io/pmg,Greenhouse,False
378,Privia Health,https://careers.smartrecruiters.com/PriviaHealth,SmartRecruiters,False
379,Productiv Inc,https://boards.greenhouse.io/productiv,Greenhouse,False
380,Product School,https://boards.greenhouse.io/productschool,Greenhouse,False
381,Publicis Groupe,https://careers.smartrecruiters.com/PublicisGroupe,SmartRecruiters,False
382,Public Storage,https://careers.smartrecruiters.com/publicstorage,SmartRecruiters,False
383,Pure Storage,https://boards.greenhouse.io/purestorage,Greenhouse,False
384,PVM Inc.,https://boards.greenhouse.io/pvminc,Greenhouse,False
385,Quisitive,https://boards.greenhouse.io/quisitivejobs,Greenhouse,False
387,Renaissance,https://careers.smartrecruiters.com/Renaissance,SmartRecruiters,False
388,Roblox,https://boards.greenhouse.io/embed/job_board?for=roblox,Greenhouse,False
389,Rubrik Job Board,https://boards.greenhouse.io/embed/job_board?for=rubrik,Greenhouse,False
390,rue21,https://careers.smartrecruiters.com/rue21,SmartRecruiters,False
391,Samsara,https://www.samsara.com/company/careers/roles,Greenhouse,False
392,SAP XPERT,https://careers.smartrecruiters.com/SAPXPERT,SmartRecruiters,False
395,Sentry,https://boards.greenhouse.io/sentry,Greenhouse,False
396,ServiceNow,https://careers.smartrecruiters.com/ServiceNow,SmartRecruiters,False
397,Sezzle,https://boards.greenhouse.io/sezzle,Greenhouse,False
398,Shift4,https://boards.greenhouse.io/shift4,Greenhouse,False
399,Short Story,https://boards.greenhouse.io/shortstory,Greenhouse,False
322,GoodTime,https://boards.greenhouse.io/goodtime,Greenhouse,False
404,slice,https://careers.smartrecruiters.com/slice1,SmartRecruiters,False
405,SNAP Inc,https://careers.smartrecruiters.com/SNAPInc1,SmartRecruiters,False
406,Snap! Mobile Inc.,https://boards.greenhouse.io/snapmobileinc,Greenhouse,False
407,Snow Software,https://careers.smartrecruiters.com/SnowSoftware,SmartRecruiters,False
409,Solidigm,https://careers.smartrecruiters.com/Solidigm,SmartRecruiters,False
410,SOMFY Group,https://careers.smartrecruiters.com/somfygroup,SmartRecruiters,False
411,Sonic Automotive,https://careers.smartrecruiters.com/SonicAutomotive,SmartRecruiters,False
412,Sopra Steria,https://careers.smartrecruiters.com/SopraSteria1,SmartRecruiters,False
413,Square,https://careers.smartrecruiters.com/Square,SmartRecruiters,False
414,Sterling Ledet & Associates Inc.,https://careers.smartrecruiters.com/LedetTrainingCenters,SmartRecruiters,False
415,STR,https://boards.greenhouse.io/systemstechnologyresearch,Greenhouse,False
416,Stripe,https://boards.greenhouse.io/embed/job_board?for=stripe,Greenhouse,False
417,Stripes,https://boards.greenhouse.io/stripes,Greenhouse,False
418,Submittable,https://boards.greenhouse.io/submittable,Greenhouse,False
419,Summit Funding,https://careers.smartrecruiters.com/SummitFunding1,SmartRecruiters,False
421,TA Digital,https://boards.greenhouse.io/tadigitalusa,Greenhouse,False
422,TA Digital,https://boards.greenhouse.io/tadigitalindia,Greenhouse,False
423,TED Conferences LLC,https://careers.smartrecruiters.com/TEDConferencesLLC,SmartRecruiters,False
424,The Information,https://boards.greenhouse.io/theinformation,Greenhouse,False
425,The Matian Firm APC,https://boards.greenhouse.io/matianfirm,Greenhouse,False
426,The Wonderful Company,https://careers.smartrecruiters.com/TheWonderfulCompany,SmartRecruiters,False
427,Thoropass,https://boards.greenhouse.io/thoropass,Greenhouse,False
428,TMS LLC,https://careers.smartrecruiters.com/TMSLLC,SmartRecruiters,False
429,Trackonomy,https://trackonomysystems.com/career-details/,Greenhouse,False
430,Transitional Care Management,https://careers.smartrecruiters.com/TransitionalCareManagement,SmartRecruiters,False
431,Trupanion,https://careers.smartrecruiters.com/Trupanion1,SmartRecruiters,False
246,Turing,https://boards.greenhouse.io/turing,Greenhouse,False
433,Twelve,https://boards.greenhouse.io/twelve,Greenhouse,False
436,Underdog Fantasy,https://boards.greenhouse.io/underdogfantasy,Greenhouse,False
437,Verisk,https://careers.smartrecruiters.com/Verisk,SmartRecruiters,False
438,Version 1,https://careers.smartrecruiters.com/Version1,SmartRecruiters,False
439,Veza Technologies Inc.,https://boards.greenhouse.io/veza,Greenhouse,False
440,Visa,https://careers.smartrecruiters.com/visa,SmartRecruiters,False
441,Visa,https://careers.smartrecruiters.com/Visa,SmartRecruiters,False
442,Vitol,https://careers.smartrecruiters.com/Vitol,SmartRecruiters,False
443,Vuori Inc,https://careers.smartrecruiters.com/VuoriInc,SmartRecruiters,False
444,Wellmark Inc.,https://careers.smartrecruiters.com/WellmarkInc,SmartRecruiters,False
445,Western Digital,https://careers.smartrecruiters.com/WesternDigital,SmartRecruiters,False
446,William Osler Health System,https://careers.smartrecruiters.com/WilliamOslerHealthSystem1,SmartRecruiters,False
267,American Cybersystems,https://careers.smartrecruiters.com/AmericanCybersystems,SmartRecruiters,False
394,School in the Square,https://boards.greenhouse.io/schoolinthesquare,Greenhouse,False
4,Accenture Federal Services,https://boards.greenhouse.io/accenturefederalservices,Greenhouse,False
303,Elbit Systems of America,https://careers.smartrecruiters.com/ElbitSystemsOfAmerica,SmartRecruiters,False
851,Figure,https://boards.greenhouse.io/figure,Greenhouse,False
321,Godolphin Management Co Ltd,https://careers.smartrecruiters.com/Godolphin,SmartRecruiters,False
350,MasterBrand Cabinets LLC,https://careers.smartrecruiters.com/MasterBrandCabinetsLLC,SmartRecruiters,False
400,Simpplr,https://boards.greenhouse.io/simpplr,Greenhouse,False
401,Singular,https://boards.greenhouse.io/singular,Greenhouse,False
402,Skechers,https://careers.smartrecruiters.com/Skechers1,SmartRecruiters,False
403,Skyward,https://careers.smartrecruiters.com/Skyward1,SmartRecruiters,False
408,Snyk,https://boards.greenhouse.io/snyk,Greenhouse,False
447,WNS Global Services,https://careers.smartrecruiters.com/WNSGlobalServices144,SmartRecruiters,False
448,Worldwide TechServices,https://careers.smartrecruiters.com/WorldwideTechServices,SmartRecruiters,False
449,Xplor,https://careers.smartrecruiters.com/Xplor,SmartRecruiters,False
450,Zeplin,https://boards.greenhouse.io/zeplin,Greenhouse,False
451,ZILLION TECHNOLOGIES INC,https://careers.smartrecruiters.com/ZILLIONTECHNOLOGIESINC,SmartRecruiters,False
452,Zip,https://boards.greenhouse.io/zip,Greenhouse,False
849,Goldbelly,https://boards.greenhouse.io/goldbelly,Greenhouse,False
850,Cardlytics,https://boards.greenhouse.io/cardlytics,Greenhouse,False
320,GNC,https://careers.smartrecruiters.com/GNC,SmartRecruiters,True
420,Systima Technologies,https://jobs.smartrecruiters.com,SmartRecruiters,True
