company_name,website_url,website_type
,https://neo4j.com/careers/,Greenhouse
,https://boards.greenhouse.io/angi,Greenhouse
,https://boards.greenhouse.io/assembled,Greenhouse
,https://boards.greenhouse.io/blackspoke,Greenhouse
,https://boards.greenhouse.io/bloomworks,Greenhouse
,https://boards.greenhouse.io/bwaltpostings,Greenhouse
,https://careers.doordash.com/,Greenhouse
,https://boards.greenhouse.io/ezcaterinc,Greenhouse
,https://boards.greenhouse.io/grafanalabs,Greenhouse
,https://boards.greenhouse.io/venturewell,Greenhouse
,https://boards.greenhouse.io/split,Greenhouse
,https://boards.greenhouse.io/ripplematchinternshipsandjobs,Greenhouse
,https://boards.greenhouse.io/pearlhealth,Greenhouse
...,https://boards.greenhouse.io/layerzerolabs,Greenhouse
...,https://boards.greenhouse.io/arkoselabs,Greenhouse
Automattic: General Interest ...,https://boards.greenhouse.io/interest,Greenhouse
BBPOS ...,https://boards.greenhouse.io/bbposlimited,Greenhouse
Blue ...,https://boards.greenhouse.io/bluewaterthinking,Greenhouse
Diligent ...,https://boards.greenhouse.io/diligentcorporation,Greenhouse
Landmark Information ...,https://boards.greenhouse.io/liginternal,Greenhouse
Legend ...,https://boards.greenhouse.io/legendcareers,Greenhouse
New York City Economic ...,https://boards.greenhouse.io/nycedc,Greenhouse
RippleMatch ...,https://boards.greenhouse.io/ripplematchinterns,Greenhouse
Strata ...,https://boards.greenhouse.io/stratainformationgroup,Greenhouse
Toshiba ...,https://boards.greenhouse.io/toshibaglobalcommercesolutions,Greenhouse