https://boards.greenhouse.io/12345xx,Flatiron Health
https://boards.greenhouse.io/1800contacts,1-800 Contacts
https://boards.greenhouse.io/204951305985924,Stitch Fix
https://boards.greenhouse.io/2k,2K
https://boards.greenhouse.io/2u,2U
https://boards.greenhouse.io/3cloud,3Cloud
https://boards.greenhouse.io/4lu44n1n37w012k,Alumni Network
https://boards.greenhouse.io/8451,84.51° 
https://boards.greenhouse.io/8451university,84.51° University Programs / Early Career Paths
https://boards.greenhouse.io/8rivers,8 Rivers
https://boards.greenhouse.io/abinbev,AB InBev Growth Group
https://boards.greenhouse.io/able,Able
https://boards.greenhouse.io/ableto,AbleTo
https://boards.greenhouse.io/abnormalsecurity,Open Roles
https://boards.greenhouse.io/accenturefederalservices,Accenture Federal Services
https://boards.greenhouse.io/accessholdingsmanagementfirm,Access Holdings 
https://boards.greenhouse.io/accesso,accesso
https://boards.greenhouse.io/accumulussynergyinc,Accumulus Synergy
https://boards.greenhouse.io/achronixsemiconductor,Achronix Semiconductor
https://boards.greenhouse.io/acorns,Acorns
https://boards.greenhouse.io/acrisureinnovation,Acrisure Innovation
https://boards.greenhouse.io/acronis,Acronis
https://boards.greenhouse.io/actioniq,ActionIQ
https://boards.greenhouse.io/acumen,Acumen's team
https://boards.greenhouse.io/acurussolutions,Acurus Solutions Private Limited
https://boards.greenhouse.io/addepar1,Addepar
https://boards.greenhouse.io/adhocexternal,Ad Hoc Team
https://boards.greenhouse.io/adhocteam,Ad Hoc Company Website
https://boards.greenhouse.io/adultservices,WellPower
https://boards.greenhouse.io/advancedtechnologyservices,Advanced Technology Services
https://boards.greenhouse.io/adyen,Adyen
https://boards.greenhouse.io/affirm,Affirm
https://boards.greenhouse.io/agencywithin,WITHIN
https://boards.greenhouse.io/agilesix,Agile Six Applications
https://boards.greenhouse.io/aiedu,Careers at aiEDU
https://boards.greenhouse.io/airbase,Airbase
https://boards.greenhouse.io/airbyte,Airbyte
https://boards.greenhouse.io/airtable,Airtable
https://boards.greenhouse.io/aiserajobs,Aisera
https://boards.greenhouse.io/alchemy,Alchemy
https://boards.greenhouse.io/algolia,Algolia
https://boards.greenhouse.io/allergandatalabs,Allergan Data Labs
https://boards.greenhouse.io/allworthfinancial,Allworth Financial
https://boards.greenhouse.io/alma,Alma
https://boards.greenhouse.io/aloyoga,Alo Yoga
https://boards.greenhouse.io/alphagrepsecurities,AlphaGrep Securities
https://boards.greenhouse.io/alphasense,AlphaSense
https://boards.greenhouse.io/alphasightsresumedrop,AlphaSights Campus Recruiting
https://boards.greenhouse.io/alpineinvestors,Alpine Investors
https://boards.greenhouse.io/alteradigitalhealth,Altera Digital Health Inc.
https://boards.greenhouse.io/alto,Build tomorrow’s pharmacy with Alto
https://boards.greenhouse.io/ambercharterschools,Amber Charter Schools
https://boards.greenhouse.io/aminohealth,Amino Inc.
https://boards.greenhouse.io/amperity,Amperity
https://boards.greenhouse.io/amplitude,Amplitude 
https://boards.greenhouse.io/anaplan,Anaplan
https://boards.greenhouse.io/ancientnutrition,Ancient Nutrition
https://boards.greenhouse.io/angi,Angi
https://boards.greenhouse.io/antora,Antora Energy
https://boards.greenhouse.io/apexlogic,Apex Logic
https://boards.greenhouse.io/apisero,Apisero India Part of NTT Data
https://boards.greenhouse.io/apolloio,Apollo.io
https://boards.greenhouse.io/appdirect,AppDirect
https://boards.greenhouse.io/appfiretechnologiesllc,Appfire Technologies LLC.
https://boards.greenhouse.io/appian,Appian Corporation 
https://boards.greenhouse.io/applovin,AppLovin
https://boards.greenhouse.io/aptos,Aptos LLC
https://boards.greenhouse.io/aquaticcapitalmanagement,Aquatic Capital Management
https://boards.greenhouse.io/arcadiacareers,Arcadia
https://boards.greenhouse.io/arcellx,Arcellx
https://boards.greenhouse.io/archer56,Archer
https://boards.greenhouse.io/ariacarepartners,Aria Care Partners
https://boards.greenhouse.io/arkoselabs,Arkose Labs
https://boards.greenhouse.io/articulate,Articulate
https://boards.greenhouse.io/artie,Artie
https://boards.greenhouse.io/ascendanalytics,Ascend Analytics
https://boards.greenhouse.io/asg,ASG
https://boards.greenhouse.io/assetliving,Asset Living
https://boards.greenhouse.io/astranis,Astranis
https://boards.greenhouse.io/athletics,Oakland Athletics
https://boards.greenhouse.io/atome,Atome Financial
https://boards.greenhouse.io/atomiccartoons,Atomic Cartoons
https://boards.greenhouse.io/atticus,Atticus
https://boards.greenhouse.io/audibenehearcom,audibene / hear.com
https://boards.greenhouse.io/Audigent,Audigent
https://boards.greenhouse.io/axios,Axios
https://boards.greenhouse.io/axioshq1,Axios HQ 
https://boards.greenhouse.io/axon,Axon
https://boards.greenhouse.io/azuritypharmaceuticals,Azurity Pharmaceuticals
https://boards.greenhouse.io/baincapitalventures,Bain Capital Ventures
https://boards.greenhouse.io/bambee,Bambee
https://boards.greenhouse.io/bayada,BAYADA Home Health Care
https://boards.greenhouse.io/bdainc,BDA
https://boards.greenhouse.io/bdtmsd,BDT & MSD Partners
https://boards.greenhouse.io/beaconplatform,Beacon Platform
https://boards.greenhouse.io/bebiopharma,Be Biopharma Inc.
https://boards.greenhouse.io/berlinrosen,BerlinRosen
https://boards.greenhouse.io/betsson,Betsson Group
https://boards.greenhouse.io/betterhealth,Better Health
https://boards.greenhouse.io/bettervet,BetterVet
https://boards.greenhouse.io/beyond,Beyond
https://boards.greenhouse.io/beyondtrust,BeyondTrust
https://boards.greenhouse.io/biofourmis,Biofourmis
https://boards.greenhouse.io/biomap,BioMap Inc.
https://boards.greenhouse.io/birdygrey,Birdy Grey
https://boards.greenhouse.io/bitgo,BitGo
https://boards.greenhouse.io/bitreactor,Bit Reactor
https://boards.greenhouse.io/bittrex,Trexie Management LLC
https://boards.greenhouse.io/bjss,BJSS
https://boards.greenhouse.io/bkcareers,BK Careers
https://boards.greenhouse.io/blab,B Lab Global
https://boards.greenhouse.io/blackspoke,Blackspoke
https://boards.greenhouse.io/blastpoint,BlastPoint
https://boards.greenhouse.io/blend,Blend
https://boards.greenhouse.io/blenheimchalcot,Blenheim Chalcot
https://boards.greenhouse.io/blinkhealth,About Blink Health
https://boards.greenhouse.io/blockgraph,Blockgraph
https://boards.greenhouse.io/bloombergassociates,Bloomberg Associates 
https://boards.greenhouse.io/bloombergorg,Bloomberg Philanthropies
https://boards.greenhouse.io/bloomreach,Bloomreach
https://boards.greenhouse.io/bluebirdbioinc,bluebird bio 
https://boards.greenhouse.io/bluecoreinc,Bluecore
https://boards.greenhouse.io/bluecrestcapitalmanagement,BlueCrest Capital Management
https://boards.greenhouse.io/blueground,Blueground
https://boards.greenhouse.io/blueoriginllc,Blue Origin
https://boards.greenhouse.io/blueroseresearch,Blue Rose Research
https://boards.greenhouse.io/bluevineus,Bluevine
https://boards.greenhouse.io/bluewaterthinking,Blue Water Thinking
https://boards.greenhouse.io/boilerroom,Boiler Room
https://boards.greenhouse.io/bondvet,Bond Vet
https://boards.greenhouse.io/bootcampinstructionalengagement,edX Bootcamps Instructional Engagement (Internal posts ONLY)
https://boards.greenhouse.io/bottomlinetechnologies,Bottomline Technologies
https://boards.greenhouse.io/boxinc,Box
https://boards.greenhouse.io/brainpop,BrainPOP
https://boards.greenhouse.io/brainstation,BrainStation 
https://boards.greenhouse.io/braintrust,Braintrust
https://boards.greenhouse.io/bravado,Bravado
https://boards.greenhouse.io/breezeairways,Breeze Airways™
https://boards.greenhouse.io/bridgewater89,Bridgewater Associates
https://boards.greenhouse.io/bridgewatercampusrecruiting,Bridgewater Associates Campus Recruiting
https://boards.greenhouse.io/brightcove,Brightcove
https://boards.greenhouse.io/brighthealthgroup,Bright Health
https://boards.greenhouse.io/bswift,bswift 
https://boards.greenhouse.io/bugcrowd,Bugcrowd
https://boards.greenhouse.io/buildout,Buildout
https://boards.greenhouse.io/buyersedgeplatformrecruiting,Buyers Edge Platform LLC
https://boards.greenhouse.io/buzzfeed,Buzzfeed
https://boards.greenhouse.io/bwaltpostings,Bridgewater Associates LP
https://boards.greenhouse.io/byheart,ByHeart
https://boards.greenhouse.io/c3iot,C3 AI
https://boards.greenhouse.io/cadenceenginessystems,Cadence Engine Systems
https://boards.greenhouse.io/caliberhealth,Caliber Healthcare Solutions
https://boards.greenhouse.io/calibratecareers,Calibrate
https://boards.greenhouse.io/calm,Calm
https://boards.greenhouse.io/campusopportunities,Campus Opportunities
https://boards.greenhouse.io/candidly,Candidly
https://boards.greenhouse.io/canonical,Canonical
https://boards.greenhouse.io/canonicaljobs,Canonical
https://boards.greenhouse.io/canopyconnect,Canopy Connect
https://boards.greenhouse.io/capco,Capco
https://boards.greenhouse.io/carbondirect,Carbon Direct
https://boards.greenhouse.io/cardflight,CardFlight
https://boards.greenhouse.io/cardlytics,Cardlytics
https://boards.greenhouse.io/careem,Careem
https://boards.greenhouse.io/careerteam,Career TEAM
https://boards.greenhouse.io/carewell,Carewell
https://boards.greenhouse.io/carillontmc,Carillon Technologies Management Corporation
https://boards.greenhouse.io/carrotfertility,Carrot Fertility
https://boards.greenhouse.io/carsdotcom,Cars Commerce
https://boards.greenhouse.io/casetext,Casetext Thomson Reuters
https://boards.greenhouse.io/catalyst10,Catalyst
https://boards.greenhouse.io/caylent,Caylent
https://boards.greenhouse.io/cbinsights,CB Insights
https://boards.greenhouse.io/cbreferral,Coinbase
https://boards.greenhouse.io/celonis,Celonis
https://boards.greenhouse.io/cerebral,Cerebral
https://boards.greenhouse.io/cesium,Cesium
https://boards.greenhouse.io/chainalysis,Chainalysis
https://boards.greenhouse.io/chalkinc,Chalk
https://boards.greenhouse.io/chapter,Chapter
https://boards.greenhouse.io/charlesriverassociates,Charles River Associates
https://boards.greenhouse.io/chartertechnologysolutionsllc,Charter Technology Solutions LLC
https://boards.greenhouse.io/checkr,Checkr
https://boards.greenhouse.io/circle,Circle
https://boards.greenhouse.io/cityblockhealth,Help shape the future of care
https://boards.greenhouse.io/cityoffortworth,cityoffortworth
https://boards.greenhouse.io/civisanalytics,Civis Analytics
https://boards.greenhouse.io/clarifai,Clarifai
https://boards.greenhouse.io/classdojo,ClassDojo
https://boards.greenhouse.io/clearcover,Clearcover
https://boards.greenhouse.io/clearmatics,Clearmatics
https://boards.greenhouse.io/clearwayjobs,Clearway Energy
https://boards.greenhouse.io/cleoai,Cleo
https://boards.greenhouse.io/clerkie,Clerkie
https://boards.greenhouse.io/clickup,ClickUp
https://boards.greenhouse.io/climavision,Climavision
https://boards.greenhouse.io/clipboardhealth,Clipboard Health
https://boards.greenhouse.io/cloudbeds,Cloudbeds
https://boards.greenhouse.io/cloudflare,Solutions
https://boards.greenhouse.io/cloudsek,CloudSEK
https://boards.greenhouse.io/coalition,Coalition
https://boards.greenhouse.io/coconutsoftware,Coconut Software 
https://boards.greenhouse.io/codepath,CodePath
https://boards.greenhouse.io/collectorsuniverse,Collectors
https://boards.greenhouse.io/collegiumpharma,Collegium Pharmaceutical
https://boards.greenhouse.io/commercehub,CommerceHub
https://boards.greenhouse.io/commerceiq,CommerceIQ
https://boards.greenhouse.io/commondesk,Common Desk External
https://boards.greenhouse.io/commonthreadcollective,Common Thread Collective
https://boards.greenhouse.io/comparaja,ComparaJá
https://boards.greenhouse.io/comtravotripactions,Comtravo
https://boards.greenhouse.io/conferenceapplications,Flatiron Health Conference Applications
https://boards.greenhouse.io/connectder,ConnectDER
https://boards.greenhouse.io/contactmonkey,ContactMonkey
https://boards.greenhouse.io/contentful,Contentful
https://boards.greenhouse.io/contentive,Contentive
https://boards.greenhouse.io/copilotcareers,Copilot Careers
https://boards.greenhouse.io/corcepttherapeutics,Corcept Therapeutics
https://boards.greenhouse.io/coreone,Core One
https://boards.greenhouse.io/coreweave,CoreWeave
https://boards.greenhouse.io/counterpart,Counterpart
https://boards.greenhouse.io/coupanginternal,Coupang Internal
https://boards.greenhouse.io/coursemojo,Coursemojo
https://boards.greenhouse.io/coursera,Coursera
https://boards.greenhouse.io/crafty,Crafty
https://boards.greenhouse.io/creditkarma,Credit Karma
https://boards.greenhouse.io/crescolabs,Cresco Labs
https://boards.greenhouse.io/crexi,Crexi
https://boards.greenhouse.io/crossmediainc,crossmediainc
https://boards.greenhouse.io/crownpeak,Crownpeak
https://boards.greenhouse.io/cruise,Cruise
https://boards.greenhouse.io/cruiseuniversity,Cruise - University
https://boards.greenhouse.io/crunchbase,Crunchbase
https://boards.greenhouse.io/crunchyroll,CrunchyRoll
https://boards.greenhouse.io/crystal,Crystal Blockchain Analytics
https://boards.greenhouse.io/cultureamp,Culture Amp
https://boards.greenhouse.io/curaleaf,Curaleaf
https://boards.greenhouse.io/custom134932,Spaulding Ridge - Private
https://boards.greenhouse.io/customerio,Customer.io
https://boards.greenhouse.io/cypressio,Cypress.io
https://boards.greenhouse.io/daiyafoodsinc,Daiya Foods Inc.
https://boards.greenhouse.io/darktracelimited,Darktrace
https://boards.greenhouse.io/databento,Databento
https://boards.greenhouse.io/databook,Databook
https://boards.greenhouse.io/datacamp,DataCamp
https://boards.greenhouse.io/dataiku,Dataiku
https://boards.greenhouse.io/dataikujobs,Dataiku
https://boards.greenhouse.io/ddome,DataDome
https://boards.greenhouse.io/deepmind,DeepMind
https://boards.greenhouse.io/definitivehc,Definitive Healthcare
https://boards.greenhouse.io/deliveroo,Deliveroo
https://boards.greenhouse.io/demandbase,Demandbase
https://boards.greenhouse.io/dentalook,Dentalook
https://boards.greenhouse.io/dept,DEPT®
https://boards.greenhouse.io/designitnorthamerica,Designit
https://boards.greenhouse.io/detroitlions,Detroit Lions
https://boards.greenhouse.io/devtechnology,Dev Technology
https://boards.greenhouse.io/didi,DiDi Labs
https://boards.greenhouse.io/digibeeinc,Digibee Inc.
https://boards.greenhouse.io/diginn,DIG Support
https://boards.greenhouse.io/digitaloceancitesremotes,DigitalOcean
https://boards.greenhouse.io/diligentcorporation,Diligent Corporation
https://boards.greenhouse.io/discord,Discord
https://boards.greenhouse.io/dnli,Denali Therapeutics
https://boards.greenhouse.io/doctolib,Doctolib
https://boards.greenhouse.io/drweng,DRW 
https://boards.greenhouse.io/duolingo,Duolingo
https://boards.greenhouse.io/dv01,dv01
https://boards.greenhouse.io/dvtrading,DV Trading
https://boards.greenhouse.io/dynamisinc,Dynamis Inc.
https://boards.greenhouse.io/earlycareerprograms,Asana
https://boards.greenhouse.io/earnin,EarnIn
https://boards.greenhouse.io/ebanx,EBANX
https://boards.greenhouse.io/ecore,e-Core
https://boards.greenhouse.io/edgeandnode,Edge & Node
https://boards.greenhouse.io/edmentum,edmentum
https://boards.greenhouse.io/educate,Educate!
https://boards.greenhouse.io/edxbootcamps,edX Boot Camps
https://boards.greenhouse.io/efishery,eFishery
https://boards.greenhouse.io/eigenlabs,EigenLabs
https://boards.greenhouse.io/electriphi,Electriphi
https://boards.greenhouse.io/elementbiosciences,Element Biosciences
https://boards.greenhouse.io/ellevest,Ellevest
https://boards.greenhouse.io/embrace,Embrace
https://boards.greenhouse.io/emotiveio,Emotive.io
https://boards.greenhouse.io/energyandenvironmentlab,UChicago Energy & Environment Lab
https://boards.greenhouse.io/enigmaio,Enigma
https://boards.greenhouse.io/ennoblecare,Ennoble Care
https://boards.greenhouse.io/enterpret,Enterpret
https://boards.greenhouse.io/entrylevelrolesinternalonly,SoFi
https://boards.greenhouse.io/enviva,Enviva
https://boards.greenhouse.io/epicgames,Epic Games
https://boards.greenhouse.io/episodesixlinkedin,Episode Six US 
https://boards.greenhouse.io/eridan,Eridan
https://boards.greenhouse.io/escribers,eScribers
https://boards.greenhouse.io/ethernovia,Ethernovia
https://boards.greenhouse.io/evergreenmoney,Evergreen Money
https://boards.greenhouse.io/everisusainc,NTT DATA
https://boards.greenhouse.io/everops,EverOps
https://boards.greenhouse.io/everstreamanalytics,Everstream Analytics
https://boards.greenhouse.io/everydayagents,Everyday Agents
https://boards.greenhouse.io/evolvevacationrental,Evolve
https://boards.greenhouse.io/exabeam,Exabeam
https://boards.greenhouse.io/exadelinc,Exadel Inc
https://boards.greenhouse.io/exoduspoint,ExodusPoint
https://boards.greenhouse.io/extrahopnetworks,ExtraHop
https://boards.greenhouse.io/ezcaterinc,ezCater Inc
https://boards.greenhouse.io/faire,Faire
https://boards.greenhouse.io/farmersbusinessnetwork,Farmer's Business Network Inc.
https://boards.greenhouse.io/featuredjobs,Spur Jobs
https://boards.greenhouse.io/feinternational,FE International
https://boards.greenhouse.io/fetchrewards,Fetch
https://boards.greenhouse.io/figma,Figma
https://boards.greenhouse.io/filescom,Files.com
https://boards.greenhouse.io/financialtechnologypartners,Financial Technology Partners
https://boards.greenhouse.io/findanomaly,Anomaly
https://boards.greenhouse.io/findyourfun,Find Your Fun
https://boards.greenhouse.io/firstglobalmanagementservicesinc,First Global Management Services Inc.
https://boards.greenhouse.io/firstmode,First Mode
https://boards.greenhouse.io/fivesky,Fivesky
https://boards.greenhouse.io/flagshippioneeringinc,Flagship Pioneering Inc
https://boards.greenhouse.io/flex,Flex
https://boards.greenhouse.io/flexport,Flexport
https://boards.greenhouse.io/flocksafety,Flock Safety
https://boards.greenhouse.io/flohealth,Flo Health
https://boards.greenhouse.io/floodbase,Floodbase
https://boards.greenhouse.io/flowcode,Flowcode
https://boards.greenhouse.io/flyr,FLYR
https://boards.greenhouse.io/fogpharma,FogPharma
https://boards.greenhouse.io/foodpandasingapore,foodpanda Singapore
https://boards.greenhouse.io/forethought,Forethought
https://boards.greenhouse.io/fortbend,The Avenues of Fort Bend
https://boards.greenhouse.io/forter,Forter
https://boards.greenhouse.io/fortra,Fortra
https://boards.greenhouse.io/fortune,FORTUNE
https://boards.greenhouse.io/forwardnetworks,Forward Networks
https://boards.greenhouse.io/fractalfounders,Fractal Founders
https://boards.greenhouse.io/fractylhealthinc,Fractyl Health Inc
https://boards.greenhouse.io/freeformfuturecorp,Freeform
https://boards.greenhouse.io/freenome,Freenome
https://boards.greenhouse.io/freenow,FREE NOW
https://boards.greenhouse.io/freewill,FreeWill
https://boards.greenhouse.io/freshprints,Fresh Prints
https://boards.greenhouse.io/fsastorecom,FSAStore.com
https://boards.greenhouse.io/fscampusrecruitment,FS Investments Campus 
https://boards.greenhouse.io/fsg,FSG
https://boards.greenhouse.io/fulfillment,Chewy Fulfillment
https://boards.greenhouse.io/futurehouse,Future House Inc.
https://boards.greenhouse.io/gafg,Global Atlantic Financial Group
https://boards.greenhouse.io/gainternships,Global Atlantic Financial Group
https://boards.greenhouse.io/gainternstreetwise,Global Atlantic Internships - Streetwise
https://boards.greenhouse.io/galaxydigitalservices,Galaxy
https://boards.greenhouse.io/gardacp,Garda Capital Partners
https://boards.greenhouse.io/gelbergroup,Gelber Group
https://boards.greenhouse.io/geniussports,GeniusSports
https://boards.greenhouse.io/ghd,Global Atlantic Financial Group Opportunities
https://boards.greenhouse.io/gitlab,GitLab
https://boards.greenhouse.io/glassdoor,Love Your Job
https://boards.greenhouse.io/globalhealthcareexchangeinc,GHX
https://boards.greenhouse.io/glossgenius,GlossGenius
https://boards.greenhouse.io/goatgroup,GOAT Group
https://boards.greenhouse.io/godaddy,Filter
https://boards.greenhouse.io/gofundme,GoFundMe
https://boards.greenhouse.io/goguardian,GoGuardian
https://boards.greenhouse.io/gohealth, #TeamGoHealth
https://boards.greenhouse.io/goldencustomercare,Golden Customer Care
https://boards.greenhouse.io/goldenstatewarriors,GSW Sports LLC
https://boards.greenhouse.io/gomotive,Motive
https://boards.greenhouse.io/gongio,Gong.io
https://boards.greenhouse.io/goodnotes,Goodnotes
https://boards.greenhouse.io/gotion,Gotion Inc.
https://boards.greenhouse.io/gradle,Gradle Inc.
https://boards.greenhouse.io/grafanalabs,Grafana Labs
https://boards.greenhouse.io/grammarly,Grammarly
https://boards.greenhouse.io/graphcore,Graphcore
https://boards.greenhouse.io/gremlin,Gremlin
https://boards.greenhouse.io/greycroft,Greycroft
https://boards.greenhouse.io/griffin,Griffin
https://boards.greenhouse.io/grindr,Grindr
https://boards.greenhouse.io/groundtruth,Groundtruth
https://boards.greenhouse.io/grover,Grover
https://boards.greenhouse.io/growtherapy,Grow Therapy
https://boards.greenhouse.io/guideline,Guideline Inc.
https://boards.greenhouse.io/guidepointsecurity,error
https://boards.greenhouse.io/gusto,Gusto Inc.
https://boards.greenhouse.io/harbingermotors,Harbinger Motors
https://boards.greenhouse.io/harnessinc,Harness Inc
https://boards.greenhouse.io/harrisassociates,Harris Associates
https://boards.greenhouse.io/headway,Headway
https://boards.greenhouse.io/healthie,Healthie
https://boards.greenhouse.io/healthjoy,HealthJoy
https://boards.greenhouse.io/healthtap,HealthTap
https://boards.greenhouse.io/heartflowinc,HeartFlow Inc
https://boards.greenhouse.io/hebbia,Hebbia
https://boards.greenhouse.io/helionenergy,Helion Energy
https://boards.greenhouse.io/helix,Helix
https://boards.greenhouse.io/hellofreshprivate,Private Job Board
https://boards.greenhouse.io/helloheart,Hello Heart
https://boards.greenhouse.io/helpware,Helpware
https://boards.greenhouse.io/heritagecrystalcleanllc,Heritage-Crystal Clean LLC
https://boards.greenhouse.io/hibu,Hibu
https://boards.greenhouse.io/higcapital,H.I.G. Capital
https://boards.greenhouse.io/higharc,Higharc
https://boards.greenhouse.io/hillandknowlton,Hill & Knowlton
https://boards.greenhouse.io/himshers,hims & hers
https://boards.greenhouse.io/hiya,Hiya
https://boards.greenhouse.io/hollywoodparksofistadium,Hollywood Park
https://boards.greenhouse.io/homebase,Homebase
https://boards.greenhouse.io/hometogo,HomeToGo
https://boards.greenhouse.io/homewardhealth,Homeward
https://boards.greenhouse.io/honor,Honor
https://boards.greenhouse.io/horacemannservicecorporation,Horace Mann 
https://boards.greenhouse.io/horizonsurgicalsystems,Horizon Surgical Systems Inc.
https://boards.greenhouse.io/hotelengine,Hotel Engine
https://boards.greenhouse.io/hotwire,Hotwire
https://boards.greenhouse.io/hotwireprus,Hotwire - US
https://boards.greenhouse.io/hoyoverse,HoYoverse
https://boards.greenhouse.io/hpsinvestmentpartners,HPS Investment Partners
https://boards.greenhouse.io/hudl,Hudl
https://boards.greenhouse.io/humaninterest,
https://boards.greenhouse.io/hyperiondev,HyperionDev
https://boards.greenhouse.io/ibkr,Interactive Brokers
https://boards.greenhouse.io/ibkrexternal,Interactive Brokers External
https://boards.greenhouse.io/icapitalnetwork,iCapital
https://boards.greenhouse.io/iigusa,Inside Ideas North America 
https://boards.greenhouse.io/ilia,ília
https://boards.greenhouse.io/impinjexternal,Impinj
https://boards.greenhouse.io/imprint,Imprint
https://boards.greenhouse.io/inchargeenergy,InCharge Energy
https://boards.greenhouse.io/incubator,a portfolio company of the AI2 Incubator 
https://boards.greenhouse.io/influential,Influential
https://boards.greenhouse.io/ingenious,INGENIOUS.BUILD
https://boards.greenhouse.io/inizio,Inizio
https://boards.greenhouse.io/innovior,Innovior
https://boards.greenhouse.io/inspire11,Inspire11
https://boards.greenhouse.io/insurancequantified,Insurance Quantified
https://boards.greenhouse.io/insurify,Insurify
https://boards.greenhouse.io/intecrowd,Intecrowd
https://boards.greenhouse.io/interbrand,Interbrand
https://boards.greenhouse.io/intercom,Intercom
https://boards.greenhouse.io/interest,Automattic: General Interest Submissions
https://boards.greenhouse.io/internaljobsatlush,Lush Internal
https://boards.greenhouse.io/interstellarlab,Interstellar Lab
https://boards.greenhouse.io/invisibletech,Invisible Technologies
https://boards.greenhouse.io/iterativehealth,Iterative Health
https://boards.greenhouse.io/janushealth,Janus
https://boards.greenhouse.io/jasper23,Jasper
https://boards.greenhouse.io/jdcom,JD.com
https://boards.greenhouse.io/jdsports,JD Sports
https://boards.greenhouse.io/jetty,Jetty
https://boards.greenhouse.io/joinforage,Forage
https://boards.greenhouse.io/joinparadigm,Paradigm
https://boards.greenhouse.io/joinuplift,UpLift
https://boards.greenhouse.io/justfund,JustFund
https://boards.greenhouse.io/juvare,Juvare
https://boards.greenhouse.io/kairospower,Kairos Power
https://boards.greenhouse.io/kalepa,Kalepa
https://boards.greenhouse.io/kaleris,Kaleris
https://boards.greenhouse.io/karat,Karat
https://boards.greenhouse.io/kayak,KAYAK
https://boards.greenhouse.io/keyme,KeyMe
https://boards.greenhouse.io/kimballequipmentcompany,Kimball Equipment Company
https://boards.greenhouse.io/kinaxis,Kinaxis
https://boards.greenhouse.io/kindbody,Kindbody
https://boards.greenhouse.io/kinetic,Kinetic
https://boards.greenhouse.io/kinship,Kinship
https://boards.greenhouse.io/kintsugi,Kintsugi Mindful Wellness Inc.
https://boards.greenhouse.io/klaviyocampus,Klaviyo Campus
https://boards.greenhouse.io/knock,Knock
https://boards.greenhouse.io/known,Known
https://boards.greenhouse.io/koboldmetals,KoBold Metals
https://boards.greenhouse.io/kunai,Kunai
https://boards.greenhouse.io/lambda,Lambda
https://boards.greenhouse.io/latitude,Latitude AI
https://boards.greenhouse.io/launchpadtechnologiesinc,Launchpad Technologies
https://boards.greenhouse.io/layerzerolabs,LayerZero Labs
https://boards.greenhouse.io/leagueinc,League Inc.
https://boards.greenhouse.io/legendcareers,Legend Biotech US
https://boards.greenhouse.io/legion,Legion
https://boards.greenhouse.io/lendingtree,LendingTree
https://boards.greenhouse.io/lexion,Careers at Lexion
https://boards.greenhouse.io/lightship,Lightship
https://boards.greenhouse.io/lilacsolutionsinc,Lilac Solutions Inc.
https://boards.greenhouse.io/lilium,Lilium
https://boards.greenhouse.io/link2usa,Link2USA
https://boards.greenhouse.io/lirio,Lirio
https://boards.greenhouse.io/lisc,Local Initiatives Support Corporation
https://boards.greenhouse.io/litmus46,Litmus Automation
https://boards.greenhouse.io/liveperson,LivePerson
https://boards.greenhouse.io/loominc,Loom Inc.
https://boards.greenhouse.io/loop,Loop
https://boards.greenhouse.io/luminar,Luminar
https://boards.greenhouse.io/lush,Lush Handmade Cosmetics
https://boards.greenhouse.io/lydalltas,Lydech Thermal Acoustic Solutions (TAS)
https://boards.greenhouse.io/lynxanalytics,Lynx Analytics
https://boards.greenhouse.io/m3,M3 
https://boards.greenhouse.io/mach49,Mach49
https://boards.greenhouse.io/machinezone,Machine Zone
https://boards.greenhouse.io/maestroqa,MaestroQA
https://boards.greenhouse.io/magic,Magic
https://boards.greenhouse.io/mammothgrowth,Mammoth Growth
https://boards.greenhouse.io/map/,Wunderman Thompson MAP
https://boards.greenhouse.io/mapbox,Mapbox
https://boards.greenhouse.io/marinomanagementllc,Dalio Family Office
https://boards.greenhouse.io/mastercardfoundation,Mastercard Foundation
https://boards.greenhouse.io/materialize,Materialize
https://boards.greenhouse.io/maviate,Maviate eVTOL Startup
https://boards.greenhouse.io/meaningfulgigs,Meaningful Gigs
https://boards.greenhouse.io/medeanalytics,MedeAnalytics
https://boards.greenhouse.io/mediabrands,Mediabrands
https://boards.greenhouse.io/medsien,Medsien
https://boards.greenhouse.io/meetelise,EliseAI
https://boards.greenhouse.io/memic,Opportunities at MEMIC
https://boards.greenhouse.io/memorahealth,Memora Health
https://boards.greenhouse.io/memphismeats,UPSIDE Foods
https://boards.greenhouse.io/mentalhealthcenterofdenver,WellPower - All External Jobs
https://boards.greenhouse.io/mercury,Mercury
https://boards.greenhouse.io/mergeworld,MERGE
https://boards.greenhouse.io/messari,Messari
https://boards.greenhouse.io/metropolitancommercialbank,Metropolitan Commercial Bank
https://boards.greenhouse.io/midihealth,Midi Health
https://boards.greenhouse.io/minitab,Minitab 
https://boards.greenhouse.io/minware,minware
https://boards.greenhouse.io/mixbook,Mixbook
https://boards.greenhouse.io/mixmode,MixMode
https://boards.greenhouse.io/modernhealth,Modern Health
https://boards.greenhouse.io/monzo,Monzo
https://boards.greenhouse.io/moversshakers,Movers+Shakers
https://boards.greenhouse.io/mozilla,Mozilla
https://boards.greenhouse.io/mrbeastyoutube,MrBeast
https://boards.greenhouse.io/munichreautomationsolutions,Munich Re Automation Solutions
https://boards.greenhouse.io/mural,Mural
https://boards.greenhouse.io/mutiny,Mutiny
https://boards.greenhouse.io/mybrandforce,MyBrandForce Brand Agents
https://boards.greenhouse.io/mynd,Mynd
https://boards.greenhouse.io/myntra,Myntra
https://boards.greenhouse.io/mzwallace,MZ Wallace
https://boards.greenhouse.io/n2homeoffice,The N2 Company Home Office
https://boards.greenhouse.io/narvar,Narvar
https://boards.greenhouse.io/nationalpublicradioinc,NPR
https://boards.greenhouse.io/neara,Neara
https://boards.greenhouse.io/nerdery,Nerdery
https://boards.greenhouse.io/neuralink,Neuralink
https://boards.greenhouse.io/newglobesandbox,NewGlobe
https://boards.greenhouse.io/newsela,Newsela
https://boards.greenhouse.io/newsweek,Newsweek
https://boards.greenhouse.io/nexla,Nexla
https://boards.greenhouse.io/nfx,NFX
https://boards.greenhouse.io/nhbbhitech,HiTech Division
https://boards.greenhouse.io/nift,Nift
https://boards.greenhouse.io/nobl,Careers at NOBL
https://boards.greenhouse.io/nocdinc,NOCD Inc.
https://boards.greenhouse.io/nomiso,Nomiso
https://boards.greenhouse.io/noodle,Noodle.ai
https://boards.greenhouse.io/notion,Notion
https://boards.greenhouse.io/novafounders,Nova Founders Capital
https://boards.greenhouse.io/nubank,Join our Purple Nation
https://boards.greenhouse.io/nutrabolt,Nutrabolt
https://boards.greenhouse.io/nutrafol,Nutrafol
https://boards.greenhouse.io/oanda,OANDA
https://boards.greenhouse.io/ocrolusinc,Ocrolus Inc.
https://boards.greenhouse.io/oddball,Oddball
https://boards.greenhouse.io/okx,OKX
https://boards.greenhouse.io/oliver,OLIVER
https://boards.greenhouse.io/olly,OLLY
https://boards.greenhouse.io/olympusproperty,Olympus Property
https://boards.greenhouse.io/omadahealth,Omada Health
https://boards.greenhouse.io/omnipresent,Omnipresent
https://boards.greenhouse.io/oneacrefundglobal,One Acre Fund - Global
https://boards.greenhouse.io/onecareers,Our Next Energy (ONE)
https://boards.greenhouse.io/onepath,OnePath Managed Services
https://boards.greenhouse.io/oneproject,One Project
https://boards.greenhouse.io/onetrust,OneTrust
https://boards.greenhouse.io/onxmaps,onX
https://boards.greenhouse.io/openai,OpenAI
https://boards.greenhouse.io/opendoor,Opendoor
https://boards.greenhouse.io/openfin95,OpenFin
https://boards.greenhouse.io/openly,Openly
https://boards.greenhouse.io/opentable,OpenTable
https://boards.greenhouse.io/openteams,OpenTeams
https://boards.greenhouse.io/oplabs,OP Labs PBC
https://boards.greenhouse.io/Opn,Opn
https://boards.greenhouse.io/oportun,Oportun
https://boards.greenhouse.io/opremote,Remote Positions
https://boards.greenhouse.io/optimaldynamics,Optimal Dynamics
https://boards.greenhouse.io/optionstrading201course,Akuna Capital
https://boards.greenhouse.io/optiverprivate,Optiver Private Jobs
https://boards.greenhouse.io/orderlynetwork,Orderly Network
https://boards.greenhouse.io/outlierorg,Outlier.org
https://boards.greenhouse.io/outsetmedical,Outset Medical
https://boards.greenhouse.io/p72pi,Point72 Private Investments 
https://boards.greenhouse.io/pacaso,Pacaso 
https://boards.greenhouse.io/pachyderm,Pachyderm
https://boards.greenhouse.io/pagerduty,PagerDuty
https://boards.greenhouse.io/paltaltd,Palta
https://boards.greenhouse.io/papa,Papa
https://boards.greenhouse.io/pathward,Pathward N.A. 
https://boards.greenhouse.io/paveakatroveinformationtechnologies,Pave
https://boards.greenhouse.io/pbsusa,PBS Engineering and Environmental Inc.
https://boards.greenhouse.io/pbsusa/,PBS Engineering and Environmental Inc.
https://boards.greenhouse.io/pearsonorthodontics,Pearson Orthodontics
https://boards.greenhouse.io/pendo,Pendo
https://boards.greenhouse.io/penninteractive,Penn Interactive
https://boards.greenhouse.io/perplexityai,Perplexity AI
https://boards.greenhouse.io/perryhealthinc,Perry Health Inc
https://boards.greenhouse.io/pfm,Precision for Medicine
https://boards.greenhouse.io/phaidra,Phaidra
https://boards.greenhouse.io/philo,Philo
https://boards.greenhouse.io/pieinsurance,Pie Insurance
https://boards.greenhouse.io/pilot,Pilot
https://boards.greenhouse.io/pindropsecurity,Pindrop
https://boards.greenhouse.io/pinegaterenewables,Pine Gate Renewables
https://boards.greenhouse.io/pinwheelapi,Pinwheel
https://boards.greenhouse.io/pitch,Pitch
https://boards.greenhouse.io/pitchbookdata,PitchBook Data
https://boards.greenhouse.io/pjtpartnersstudents,PJT Partners - Students
https://boards.greenhouse.io/plushcare,PlushCare
https://boards.greenhouse.io/pluspower,Plus Power
https://boards.greenhouse.io/pocketgems,Pocket Gems
https://boards.greenhouse.io/point72,Point72 
https://boards.greenhouse.io/poka,Poka EN
https://boards.greenhouse.io/postman,Postman
https://boards.greenhouse.io/postscript,Postscript
https://boards.greenhouse.io/pretiumpartnersllc,Pretium
https://boards.greenhouse.io/processstreet,Process Street
https://boards.greenhouse.io/procogia,ProCogia
https://boards.greenhouse.io/productiv,Productiv Inc
https://boards.greenhouse.io/productschool,Product School
https://boards.greenhouse.io/projectdiscoveryinc,ProjectDiscovery
https://boards.greenhouse.io/projectfarma,Project Farma
https://boards.greenhouse.io/proshares,Our people make the difference.
https://boards.greenhouse.io/prove,Prove
https://boards.greenhouse.io/public,Public
https://boards.greenhouse.io/publicsq,PublicSquare
https://boards.greenhouse.io/pulse,Pulse Healthcare
https://boards.greenhouse.io/purestorage,Pure Storage
https://boards.greenhouse.io/pursuit,Pursuit
https://boards.greenhouse.io/putnamassociatesllc,Putnam 
https://boards.greenhouse.io/pvminc,PVM Inc.
https://boards.greenhouse.io/pyka,Pyka
https://boards.greenhouse.io/quartethealth,Quartet Health
https://boards.greenhouse.io/quip,quip
https://boards.greenhouse.io/quotewell,QuoteWell
https://boards.greenhouse.io/rakutenmedical18,Rakuten Medical Inc. - US
https://boards.greenhouse.io/recordedfuture,Recorded Future
https://boards.greenhouse.io/recurrency,Recurrency
https://boards.greenhouse.io/reddit,Reddit
https://boards.greenhouse.io/redesignhealth,Redesign Health
https://boards.greenhouse.io/referralsuseonly,Referral Board
https://boards.greenhouse.io/relyance,Relyance AI
https://boards.greenhouse.io/remotasks,Remotasks
https://boards.greenhouse.io/remote,General Assembly Remote Jobs 
https://boards.greenhouse.io/remotecom,Remote
https://boards.greenhouse.io/reorg,Reorg
https://boards.greenhouse.io/rev, Rev.com
https://boards.greenhouse.io/revelsystems,Revel Systems
https://boards.greenhouse.io/revopsforce,RevOpsforce
https://boards.greenhouse.io/reynoldsanliker,Reynolds & Anliker Eye Physicians & Surgeons
https://boards.greenhouse.io/reynoldsorthodontics,Reynolds Orthodontics
https://boards.greenhouse.io/rfpio,Responsive (Formerly RFPIO) 
https://boards.greenhouse.io/rhino,Rhino
https://boards.greenhouse.io/rhombuspower,Rhombus
https://boards.greenhouse.io/rhythmenergy,Rhythm Energy
https://boards.greenhouse.io/riotafrotech,Riot Games - Afrotech
https://boards.greenhouse.io/riotgamesinc,Riot Games Inc.
https://boards.greenhouse.io/ripplematchinterns,RippleMatch
https://boards.greenhouse.io/ripplematchinternshipsandjobs,RippleMatch
https://boards.greenhouse.io/robinhood,Robinhood
https://boards.greenhouse.io/rocketlab,Rocket Lab USA
https://boards.greenhouse.io/rockstargames,Rockstar Games
https://boards.greenhouse.io/rockstarinternships,Rockstar Internships & New Grad Roles
https://boards.greenhouse.io/roivantsciences,Roivant Sciences
https://boards.greenhouse.io/roundpointmortgageservicingcorporation,RoundPoint Mortgage Servicing LLC
https://boards.greenhouse.io/rudderstack,RudderStack
https://boards.greenhouse.io/runwayml,Runway 
https://boards.greenhouse.io/rvfreelancenetwork,Red Ventures Freelance Network
https://boards.greenhouse.io/rvohealth,RVO Health
https://boards.greenhouse.io/sagardcareers,Career Opportunities at Sagard
https://boards.greenhouse.io/sage49,Sage
https://boards.greenhouse.io/saictoronto,Samsung AI Research Centre
https://boards.greenhouse.io/samsara,Samsara
https://boards.greenhouse.io/samsungaustinsemiconductor,Samsung Austin Semiconductor
https://boards.greenhouse.io/samsungsemiconductor,Samsung Semiconductor
https://boards.greenhouse.io/scaleai,Scale AI
https://boards.greenhouse.io/schonfeld,Schonfeld 
https://boards.greenhouse.io/schrdinger,Schrödinger
https://boards.greenhouse.io/sciencelogic,ScienceLogic
https://boards.greenhouse.io/scorpiontherapeutics,Scorpion Therapeutics
https://boards.greenhouse.io/scoutmotors,Scout Motors
https://boards.greenhouse.io/scuba,Scuba Analytics
https://boards.greenhouse.io/seamlessai,Seamless.AI
https://boards.greenhouse.io/searchdiscovery,Further
https://boards.greenhouse.io/seattlesoundersfc,Seattle Sounders FC
https://boards.greenhouse.io/secondspectrum,Second Spectrum
https://boards.greenhouse.io/seisandbox,SEI 
https://boards.greenhouse.io/seldon,Seldon 
https://boards.greenhouse.io/sentilink,SentiLink
https://boards.greenhouse.io/settle,Settle
https://boards.greenhouse.io/seurat,Seurat Technologies
https://boards.greenhouse.io/shapetherapeutics,Shape Therapeutics
https://boards.greenhouse.io/sharebite,Sharebite
https://boards.greenhouse.io/shift4,Shift4
https://boards.greenhouse.io/shift5,Shift5
https://boards.greenhouse.io/shopmonkey,Shopmonkey Job Openings and Careers
https://boards.greenhouse.io/sigmacomputing,Sigma Computing
https://boards.greenhouse.io/sigmoid,Sigmoid
https://boards.greenhouse.io/signifyd95,Signifyd
https://boards.greenhouse.io/similarweb,Similarweb
https://boards.greenhouse.io/simondata,Simon Data
https://boards.greenhouse.io/singlestore,SingleStore
https://boards.greenhouse.io/sionic1,Davies
https://boards.greenhouse.io/skalabletechnologies,Skalable Technologies
https://boards.greenhouse.io/skedda,Skedda
https://boards.greenhouse.io/skydio,Skydio
https://boards.greenhouse.io/skylotechnologies,Skylo Technologies
https://boards.greenhouse.io/smartling,Smartling
https://boards.greenhouse.io/smartlyio,Smartly.io Job Board
https://boards.greenhouse.io/smartsheet,Smartsheet
https://boards.greenhouse.io/smithrx,SmithRx
https://boards.greenhouse.io/snapmobileinc,Snap! Mobile Inc.
https://boards.greenhouse.io/snyk,Join the team at Snyk
https://boards.greenhouse.io/solidpower,Solid Power
https://boards.greenhouse.io/sonic,Careers at Sonic Internet start here!
https://boards.greenhouse.io/sonyinteractiveentertainmentglobal,PlayStation
https://boards.greenhouse.io/sonymusic,Sony Music Entertainment US
https://boards.greenhouse.io/sonymusicinternshipsus,Sony Music Entertainment
https://boards.greenhouse.io/soundagriculture,Sound Agriculture
https://boards.greenhouse.io/sourcingcour,Coursera Sourcing
https://boards.greenhouse.io/southworks,SOUTHWORKS
https://boards.greenhouse.io/spacex,SpaceX
https://boards.greenhouse.io/spade,Spade
https://boards.greenhouse.io/spanio,SPAN
https://boards.greenhouse.io/sparrow,Sparrow
https://boards.greenhouse.io/spec,Spec
https://boards.greenhouse.io/speechify,Speechify
https://boards.greenhouse.io/spinskinnylabsincfleetoperations,Spin Fleet Operations (North America)
https://boards.greenhouse.io/splashfinancial,Splash Financial
https://boards.greenhouse.io/splice,Splice
https://boards.greenhouse.io/split,Split
https://boards.greenhouse.io/spotter,Spotter
https://boards.greenhouse.io/springboardmentors,Springboard
https://boards.greenhouse.io/springhealth66,Spring Health
https://boards.greenhouse.io/sprintray,SprintRay
https://boards.greenhouse.io/squire,SQUIRE
https://boards.greenhouse.io/srsacquiom,SRS Acquiom
https://boards.greenhouse.io/ssreferrals,Sprout General Referrals
https://boards.greenhouse.io/stackcommerce,This is STACK
https://boards.greenhouse.io/stackline,Stackline
https://boards.greenhouse.io/stealth,Stealth Ventures at Redesign Health
https://boards.greenhouse.io/stealthenergystartup,Stealth Renewable Energy & Ocean Technology Startup
https://boards.greenhouse.io/stord13,Stord
https://boards.greenhouse.io/stratacareers,Strata Decision Technology
https://boards.greenhouse.io/strava,Strava
https://boards.greenhouse.io/stringandkey,String and Key
https://boards.greenhouse.io/stripes,Stripes
https://boards.greenhouse.io/strivehealth,Strive Health
https://boards.greenhouse.io/summer,Summer
https://boards.greenhouse.io/supabase,Supabase
https://boards.greenhouse.io/superblocks,Superblocks
https://boards.greenhouse.io/superjoy,SuperJoy
https://boards.greenhouse.io/supplyhouse,SupplyHouse
https://boards.greenhouse.io/surveymonkey,SurveyMonkey
https://boards.greenhouse.io/sustainabletalent,Sustainable Talent
https://boards.greenhouse.io/swayable,Swayable
https://boards.greenhouse.io/swishanalytics,Swish Analytics
https://boards.greenhouse.io/switchboard,Switchboard - Move faster with fewer meetings
https://boards.greenhouse.io/sysdig,Sysdig
https://boards.greenhouse.io/systemstechnologyresearch,STR
https://boards.greenhouse.io/tabby,Tabby
https://boards.greenhouse.io/taefusion60,TAE Technologies
https://boards.greenhouse.io/taepwm,TAE Power Solutions
https://boards.greenhouse.io/tailscale,Tailscale
https://boards.greenhouse.io/taittowers,TAIT Towers
https://boards.greenhouse.io/taskrabbit,Taskrabbit
https://boards.greenhouse.io/tcpsoftware,TCP Software
https://boards.greenhouse.io/techstars57,Techstars
https://boards.greenhouse.io/tecovas,Tecovas
https://boards.greenhouse.io/tekmetric,Tekmetric
https://boards.greenhouse.io/teladochealthproviders,Teladoc Health
https://boards.greenhouse.io/telnyx54,Telnyx
https://boards.greenhouse.io/templafy,Templafy
https://boards.greenhouse.io/tempus,Tempus
https://boards.greenhouse.io/terraytherapeutics,Terray Therapeutics
https://boards.greenhouse.io/tesseratherapeutics,Tessera Therapeutics
https://boards.greenhouse.io/testlio,Testlio
https://boards.greenhouse.io/thealleninstitute,The Allen Institute for AI
https://boards.greenhouse.io/thearenagroup,The Arena Group
https://boards.greenhouse.io/thebaltimorebanner,The Baltimore Banner
https://boards.greenhouse.io/thefarmersdog,The Farmer's Dog
https://boards.greenhouse.io/thena,Thena | Careers 
https://boards.greenhouse.io/thenewyorktimes,The New York Times
https://boards.greenhouse.io/theoakleafgroupllc,The Oakleaf Group
https://boards.greenhouse.io/theoncologyinstitute,The Oncology Institute of Hope and Innovation 
https://boards.greenhouse.io/therma,Therma°
https://boards.greenhouse.io/theroom,THE ROOM
https://boards.greenhouse.io/thewilshiregroup,The Wilshire Group
https://boards.greenhouse.io/thirdpartyjobboard,AbleTo Inc.
https://boards.greenhouse.io/thoughtworksreferral,Referrals Only
https://boards.greenhouse.io/thousandeyes,ThousandEyes
https://boards.greenhouse.io/threeflow, ThreeFlow
https://boards.greenhouse.io/threeships,Three Ships
https://boards.greenhouse.io/thumbtack,Thumbtack
https://boards.greenhouse.io/thunder,Thunder
https://boards.greenhouse.io/tide,Careers at Tide
https://boards.greenhouse.io/tigergraph,TigerGraph
https://boards.greenhouse.io/tintai,Tint
https://boards.greenhouse.io/tomorrow,Be a part of tomorrow today.
https://boards.greenhouse.io/trace3,Trace3
https://boards.greenhouse.io/trackinglink,W TL
https://boards.greenhouse.io/trackonomysystems,Trackonomy
https://boards.greenhouse.io/traegergrills,Traeger Wood Pellet Grills
https://boards.greenhouse.io/trailofbits,Trail of Bits
https://boards.greenhouse.io/transferwise,Wise
https://boards.greenhouse.io/tremorinternational,Tremor International
https://boards.greenhouse.io/tribalscale,TribalScale
https://boards.greenhouse.io/tripadvisor,Tripadvisor
https://boards.greenhouse.io/triumphtech,Triumph Tech
https://boards.greenhouse.io/tropic,Tropic
https://boards.greenhouse.io/trove,Trove Recommerce
https://boards.greenhouse.io/truecaller,Truecaller
https://boards.greenhouse.io/tula,TULA Skincare
https://boards.greenhouse.io/turing,Turing
https://boards.greenhouse.io/turnkeylenderinc,TurnKey Lender Inc.
https://boards.greenhouse.io/turo,Turo
https://boards.greenhouse.io/turtlerockstudios,Turtle Rock Studios
https://boards.greenhouse.io/TuSimple,TuSimple
https://boards.greenhouse.io/tusimple,TuSimple
https://boards.greenhouse.io/twelve,Twelve
https://boards.greenhouse.io/twilio,Twilio
https://boards.greenhouse.io/twitch,Twitch
https://boards.greenhouse.io/twosixtechnologies,Two Six Technologies
https://boards.greenhouse.io/udacity,Udacity
https://boards.greenhouse.io/udemybedi,BEDI Partnerships
https://boards.greenhouse.io/ujet,UJET
https://boards.greenhouse.io/uncommongoods,Uncommon Goods
https://boards.greenhouse.io/underdogfantasy,Underdog Fantasy
https://boards.greenhouse.io/unitedmasters,UnitedMasters
https://boards.greenhouse.io/unitedstatesgolfassociation,United States Golf Association
https://boards.greenhouse.io/unohealth,Uno Health
https://boards.greenhouse.io/unqork,Unqork
https://boards.greenhouse.io/upbound,Upbound
https://boards.greenhouse.io/upgrade,Upgrade
https://boards.greenhouse.io/upstartlab,UpStart Lab
https://boards.greenhouse.io/upwork,Upwork
https://boards.greenhouse.io/userinterviews,User Interviews
https://boards.greenhouse.io/vailclinicincdbavailhealthhospital,Vail Health Hospital
https://boards.greenhouse.io/valerahealth,error
https://boards.greenhouse.io/valon,Valon
https://boards.greenhouse.io/valorequitypartners,Valor Equity Partners
https://boards.greenhouse.io/valpro,Valpro
https://boards.greenhouse.io/varisunitedstates,Varis - United States
https://boards.greenhouse.io/varsitytutors,Varsity Tutors
https://boards.greenhouse.io/vaticlabs,Vatic Investments 
https://boards.greenhouse.io/vaynermedia,VaynerMedia LLC
https://boards.greenhouse.io/vectranetworks,Vectra
https://boards.greenhouse.io/veesearch,Vee
https://boards.greenhouse.io/veeventures,Vee Ventures
https://boards.greenhouse.io/verantos,Verantos
https://boards.greenhouse.io/veritone, VERI is at the Heart of Everything We Do
https://boards.greenhouse.io/verramobility,Verra Mobility
https://boards.greenhouse.io/veza,Veza Technologies Inc. 
https://boards.greenhouse.io/vgw,VGW
https://boards.greenhouse.io/via,Via
https://boards.greenhouse.io/viralnation,Viral Nation Inc.
https://boards.greenhouse.io/virtru,Virtru
https://boards.greenhouse.io/virtu,Virtu Financial
https://boards.greenhouse.io/visbymedical,Visby Medical
https://boards.greenhouse.io/voltacharging,Volta Charging
https://boards.greenhouse.io/vonage,Vonage
https://boards.greenhouse.io/vouchinsurance,Vouch Insurance
https://boards.greenhouse.io/vts,VTS
https://boards.greenhouse.io/wagmo,Wagmo
https://boards.greenhouse.io/walmartasr,Walmart Advanced Systems and Robotics
https://boards.greenhouse.io/warbyparker,Warby Parker
https://boards.greenhouse.io/wargamingen,Live your passion. Share ours.
https://boards.greenhouse.io/webflow,Webflow
https://boards.greenhouse.io/weissassetmanagement,Weiss Asset Management
https://boards.greenhouse.io/welbehealth,WelbeHealth
https://boards.greenhouse.io/wellist,Wellist
https://boards.greenhouse.io/wellth,Wellth 
https://boards.greenhouse.io/wework,WeWork External
https://boards.greenhouse.io/weworklatam,WeWork Latin America
https://boards.greenhouse.io/whatnot,Whatnot
https://boards.greenhouse.io/wideorbit,WideOrbit
https://boards.greenhouse.io/wight,Wight & Company
https://boards.greenhouse.io/wileyedgerecruitingportal,Wiley Edge Recruiting Portal
https://boards.greenhouse.io/willowtree,WillowTree
https://boards.greenhouse.io/winton,Winton
https://boards.greenhouse.io/wisetack,Wisetack
https://boards.greenhouse.io/wizardsofthecoast,Wizards of the Coast
https://boards.greenhouse.io/workato,Workato
https://boards.greenhouse.io/workera,Workera AI
https://boards.greenhouse.io/wpp,WPP
https://boards.greenhouse.io/wrike,Wrike Careers Page
https://boards.greenhouse.io/wurl,Wurl LLC
https://boards.greenhouse.io/xai,xAI
https://boards.greenhouse.io/xapo61,Xapo Bank
https://boards.greenhouse.io/xdinizioengage,Inizio Engage XD
https://boards.greenhouse.io/xendit,Xendit
https://boards.greenhouse.io/xgs,Xebia
https://boards.greenhouse.io/xohealthinc,XO Health Inc.
https://boards.greenhouse.io/xometry,Xometry
https://boards.greenhouse.io/xtxmarketstechnologies,XTX Markets
https://boards.greenhouse.io/yembo,Yembo
https://boards.greenhouse.io/yipitdata,YipitData (Primary)
https://boards.greenhouse.io/yipitdatajobs,YipitData (Alternative)
https://boards.greenhouse.io/youhealthproviders,You Health Providers
https://boards.greenhouse.io/zafinlabsamericasinc,Zafin
https://boards.greenhouse.io/zelusanalytics,Building the world’s best sports intelligence platform.
https://boards.greenhouse.io/zenefits,Zenefits
https://boards.greenhouse.io/zenoti,Zenoti
https://boards.greenhouse.io/zensourcer,Gem
https://boards.greenhouse.io/zeplin,Zeplin
https://boards.greenhouse.io/zepzgroup,Zepz
https://boards.greenhouse.io/zestai,Zest AI
https://boards.greenhouse.io/zing,Zing
https://boards.greenhouse.io/zinnia,Zinnia
https://boards.greenhouse.io/zip,Zip
https://boards.greenhouse.io/ziprecruiter,ZipRecruiter
https://boards.greenhouse.io/zitaratechnologiesinc,Zitara Technologies Inc.
https://boards.greenhouse.io/zscaler,Zscaler
https://boards.greenhouse.io/zynga,error